"Industry","Environmental","Social","Governance"
"Technology",66.0152271945493,65.709239055349,90.3025432054305
"Finance",50.1578845808376,73.4161362234357,68.2004016300859
"Healthcare",61.6126003146561,81.7442448020883,71.1480989987836
"Manufacturing",33.1269071138694,66.9728660703967,64.0682853032245
"Retail",46.7729124780803,87.2560559880103,67.5337699809477
"Education",84.5646318478554,68.2899148890033,77.9719321051545
"Energy",28.816542688402,56.3364315139277,53.3491006151264
"Transportation",47.051740292281,59.1548297379295,60.5828761818501
